{
    "mae": 10.948781196995396,
    "rmse": 16.151487422698644,
    "r2_score": 0.8462334634407301
}